Product code,Station Number,Year,Jan,Feb,Mar,Apr,May,Jun,Jul,Aug,Sep,Oct,Nov,Dec,Annual
IDCJAC0001,14308,2012,null,null,null,null,null,null,null,null,0.0,1.0,0.0,28.6,null
IDCJAC0001,14308,2013,452.8,273.2,455.2,36.8,16.2,9.0,0.2,0.0,0.4,0.2,49.0,114.8,1407.8
IDCJAC0001,14308,2014,420.4,248.6,89.2,80.8,6.6,0.2,0.0,0.0,null,null,null,null,null
IDCJAC0001,14308,2016,null,null,null,null,null,null,null,null,null,null,null,247.2,null
IDCJAC0001,14308,2017,229.8,409.8,342.6,275.6,1.2,0.4,3.0,0.2,0.0,34.8,79.8,200.8,1578.0
IDCJAC0001,14308,2018,436.8,177.2,353.2,43.8,12.6,0.2,0.0,1.8,0.0,0.0,90.0,168.8,1284.4
IDCJAC0001,14308,2019,612.0,154.2,228.0,284.8,null,null,null,null,null,null,null,null,null
